insert into client values (1,'John','Doe')
insert into client values (2,'Adam','Smith')
insert into client values (3,'Brian','Larsen')
insert into client values (4,'Tyson','Beltran')

insert into renter values (1,'Lance','George')
insert into renter values (2,'Jim','Howell')
insert into renter values (3,'Carlie','Sheehan')
insert into renter values (4,'Josie','Gonzalez')

insert into property(id, renter_id, name, address, price_per_day, area, description) values (1,2,'Whittington End', '3696 Essex Court', '10', '30', 'lorem ipsum')
insert into property(id, renter_id, name, address, price_per_day, area, description) values (2,1,'The Oak''s', '3662 Lochmere Lane', '30', '130', 'lorem ipsum')
insert into property(id, renter_id, name, address, price_per_day, area, description) values (3,2,'Pigeons House', '616 Bruce Street', '20.5', '45', 'lorem ipsum')
insert into property(id, renter_id, name, address, price_per_day, area, description) values (4,2,'Oak End', '4237 Golf Course Drive', '80.5', '60', 'lorem ipsum')
insert into property(id, renter_id, name, address, price_per_day, area, description) values (5,4,'Cherry End', '4343 Renwick Drive', '10.5', '90.5', 'lorem ipsum')
insert into property(id, renter_id, name, address, price_per_day, area, description) values (6,4,'Hattie''s House', '2699 Thomas Street', '20.8', '90.4', 'lorem ipsum')
insert into property(id, renter_id, name, address, price_per_day, area, description) values (7,2,'The Old Gatehouse', '2102 Woodrow Way', '12.5', '40', 'lorem ipsum')
insert into property(id, renter_id, name, address, price_per_day, area, description) values (8,1,'Woodlandside', '4104 Pleasant Hill Road', '14.5', '12', 'lorem ipsum')

insert into reservation(id, client_id, property_id, start_date, end_date) values (1,2,2, '2022-03-01', '2022-03-03')
insert into reservation(id, client_id, property_id, start_date, end_date) values (2,1,1, '2022-01-01', '2022-01-10')
insert into reservation(id, client_id, property_id, start_date, end_date) values (3,4,3, '2022-03-11', '2022-03-13')
insert into reservation(id, client_id, property_id, start_date, end_date) values (4,2,4, '2022-03-11', '2022-03-13')
insert into reservation(id, client_id, property_id, start_date, end_date) values (5,1,5, '2022-03-11', '2022-03-13')
insert into reservation(id, client_id, property_id, start_date, end_date) values (6,3,6, '2022-03-11', '2022-03-13')
insert into reservation(id, client_id, property_id, start_date, end_date) values (7,3,7, '2022-03-11', '2022-03-13')
insert into reservation(id, client_id, property_id, start_date, end_date) values (8,2,8, '2022-03-11', '2022-03-13')
insert into reservation(id, client_id, property_id, start_date, end_date) values (9,1,1, '2022-06-11', '2022-08-13')
insert into reservation(id, client_id, property_id, start_date, end_date) values (10,4,2, '2022-03-14', '2022-03-16')
insert into reservation(id, client_id, property_id, start_date, end_date) values (11,3,3, '2022-05-11', '2022-07-13')
insert into reservation(id, client_id, property_id, start_date, end_date) values (12,3,4, '2022-04-11', '2022-09-13')
insert into reservation(id, client_id, property_id, start_date, end_date) values (13,1,5, '2022-03-14', '2022-03-15')
insert into reservation(id, client_id, property_id, start_date, end_date) values (14,2,5, '2022-04-11', '2023-03-13')
